"SERIES","ESU","SPECIES","METHOD","MAJOR_POPULATION_GROUP","NMFS_POPID","POPULATION_NAME","COMMON_POPULATION_NAME","DISPLAY_ORDER","RUN_TIMING","STREAM_NAME","YEAR","NUMBER_OF_SPAWNERS","FRACWILD","CATCH","CONTRIBUTOR","COMPILER","CITATION","LINE_NOTES"
"CRchum2020","Salmon, chum (Columbia River ESU)","Chum salmon","Survey","Coast","115","Grays/Chinook Fall Chum","Grays & Chinook Rs.","1.1.1","Fall","Grays River","2001","4742","0.895","-99","Washington Department of Fish and Wildlife","Mari Williams","Columbia River Chum Natural Origin Spawner Abundance Dataset (2005-2018). Spawner abundance data. Washington Department of Fish and Wildlife. Protocol and Methods available at https://fortress.wa.gov/dfw/score/score/. Accessed from www.cax.streamnet.org vers May 26 2020 10:00PM by Mari Williams, NOAAF NWFSC/PSMFC.",""
"CRchum2020","Salmon, chum (Columbia River ESU)","Chum salmon","Survey","Coast","115","Grays/Chinook Fall Chum","Grays & Chinook Rs.","1.1.1","Fall","Grays River","2002","11713","0.896","-99","Washington Department of Fish and Wildlife","Mari Williams","Columbia River Chum Natural Origin Spawner Abundance Dataset (2005-2018). Spawner abundance data. Washington Department of Fish and Wildlife. Protocol and Methods available at https://fortress.wa.gov/dfw/score/score/. Accessed from www.cax.streamnet.org vers May 26 2020 10:00PM by Mari Williams, NOAAF NWFSC/PSMFC.",""
"CRchum2020","Salmon, chum (Columbia River ESU)","Chum salmon","Survey","Coast","115","Grays/Chinook Fall Chum","Grays & Chinook Rs.","1.1.1","Fall","Grays River","2003","16669","0.933","-99","Washington Department of Fish and Wildlife","Mari Williams","Columbia River Chum Natural Origin Spawner Abundance Dataset (2005-2018). Spawner abundance data. Washington Department of Fish and Wildlife. Protocol and Methods available at https://fortress.wa.gov/dfw/score/score/. Accessed from www.cax.streamnet.org vers May 26 2020 10:00PM by Mari Williams, NOAAF NWFSC/PSMFC.",""
"CRchum2020","Salmon, chum (Columbia River ESU)","Chum salmon","Survey","Coast","115","Grays/Chinook Fall Chum","Grays & Chinook Rs.","1.1.1","Fall","Grays River","2004","13716","0.959","-99","Washington Department of Fish and Wildlife","Mari Williams","Columbia River Chum Natural Origin Spawner Abundance Dataset (2005-2018). Spawner abundance data. Washington Department of Fish and Wildlife. Protocol and Methods available at https://fortress.wa.gov/dfw/score/score/. Accessed from www.cax.streamnet.org vers May 26 2020 10:00PM by Mari Williams, NOAAF NWFSC/PSMFC.",""
"CRchum2020","Salmon, chum (Columbia River ESU)","Chum salmon","Survey","Coast","115","Grays/Chinook Fall Chum","Grays & Chinook Rs.","1.1.1","Fall","Grays River","2005","4204","0.903","-99","Washington Department of Fish and Wildlife","Mari Williams","Columbia River Chum Natural Origin Spawner Abundance Dataset (2005-2018). Spawner abundance data. Washington Department of Fish and Wildlife. Protocol and Methods available at https://fortress.wa.gov/dfw/score/score/. Accessed from www.cax.streamnet.org vers May 26 2020 10:00PM by Mari Williams, NOAAF NWFSC/PSMFC.",""
"CRchum2020","Salmon, chum (Columbia River ESU)","Chum salmon","Survey","Coast","115","Grays/Chinook Fall Chum","Grays & Chinook Rs.","1.1.1","Fall","Grays River","2006","6605","0.933","-99","Washington Department of Fish and Wildlife","Mari Williams","Columbia River Chum Natural Origin Spawner Abundance Dataset (2005-2018). Spawner abundance data. Washington Department of Fish and Wildlife. Protocol and Methods available at https://fortress.wa.gov/dfw/score/score/. Accessed from www.cax.streamnet.org vers May 26 2020 10:00PM by Mari Williams, NOAAF NWFSC/PSMFC.",""
"CRchum2020","Salmon, chum (Columbia River ESU)","Chum salmon","Survey","Coast","115","Grays/Chinook Fall Chum","Grays & Chinook Rs.","1.1.1","Fall","Grays River","2007","3999","0.955","-99","Washington Department of Fish and Wildlife","Mari Williams","Columbia River Chum Natural Origin Spawner Abundance Dataset (2005-2018). Spawner abundance data. Washington Department of Fish and Wildlife. Protocol and Methods available at https://fortress.wa.gov/dfw/score/score/. Accessed from www.cax.streamnet.org vers May 26 2020 10:00PM by Mari Williams, NOAAF NWFSC/PSMFC.",""
"CRchum2020","Salmon, chum (Columbia River ESU)","Chum salmon","Survey","Coast","115","Grays/Chinook Fall Chum","Grays & Chinook Rs.","1.1.1","Fall","Grays River","2008","2608","0.921","-99","Washington Department of Fish and Wildlife","Mari Williams","Columbia River Chum Natural Origin Spawner Abundance Dataset (2005-2018). Spawner abundance data. Washington Department of Fish and Wildlife. Protocol and Methods available at https://fortress.wa.gov/dfw/score/score/. Accessed from www.cax.streamnet.org vers May 26 2020 10:00PM by Mari Williams, NOAAF NWFSC/PSMFC.",""
"CRchum2020","Salmon, chum (Columbia River ESU)","Chum salmon","Survey","Coast","115","Grays/Chinook Fall Chum","Grays & Chinook Rs.","1.1.1","Fall","Grays River","2009","2876","0.965","-99","Washington Department of Fish and Wildlife","Mari Williams","Columbia River Chum Natural Origin Spawner Abundance Dataset (2005-2018). Spawner abundance data. Washington Department of Fish and Wildlife. Protocol and Methods available at https://fortress.wa.gov/dfw/score/score/. Accessed from www.cax.streamnet.org vers May 26 2020 10:00PM by Mari Williams, NOAAF NWFSC/PSMFC.",""
"CRchum2020","Salmon, chum (Columbia River ESU)","Chum salmon","Survey","Coast","115","Grays/Chinook Fall Chum","Grays & Chinook Rs.","1.1.1","Fall","Grays River","2010","6380","0.953","-99","Washington Department of Fish and Wildlife","Mari Williams","Columbia River Chum Natural Origin Spawner Abundance Dataset (2005-2018). Spawner abundance data. Washington Department of Fish and Wildlife. Protocol and Methods available at https://fortress.wa.gov/dfw/score/score/. Accessed from www.cax.streamnet.org vers May 26 2020 10:00PM by Mari Williams, NOAAF NWFSC/PSMFC.",""
"CRchum2020","Salmon, chum (Columbia River ESU)","Chum salmon","Survey","Coast","115","Grays/Chinook Fall Chum","Grays & Chinook Rs.","1.1.1","Fall","Grays River","2011","10809","0.93","-99","Washington Department of Fish and Wildlife","Mari Williams","Columbia River Chum Natural Origin Spawner Abundance Dataset (2005-2018). Spawner abundance data. Washington Department of Fish and Wildlife. Protocol and Methods available at https://fortress.wa.gov/dfw/score/score/. Accessed from www.cax.streamnet.org vers May 26 2020 10:00PM by Mari Williams, NOAAF NWFSC/PSMFC.",""
"CRchum2020","Salmon, chum (Columbia River ESU)","Chum salmon","Survey","Coast","115","Grays/Chinook Fall Chum","Grays & Chinook Rs.","1.1.1","Fall","Grays River","2012","8010","0.972","-99","Washington Department of Fish and Wildlife","Mari Williams","Columbia River Chum Natural Origin Spawner Abundance Dataset (2005-2018). Spawner abundance data. Washington Department of Fish and Wildlife. Protocol and Methods available at https://fortress.wa.gov/dfw/score/score/. Accessed from www.cax.streamnet.org vers May 26 2020 10:00PM by Mari Williams, NOAAF NWFSC/PSMFC.",""
"CRchum2020","Salmon, chum (Columbia River ESU)","Chum salmon","Survey","Coast","115","Grays/Chinook Fall Chum","Grays & Chinook Rs.","1.1.1","Fall","Grays River","2013","5134","0.941","-99","Washington Department of Fish and Wildlife","Mari Williams","Columbia River Chum Natural Origin Spawner Abundance Dataset (2005-2018). Spawner abundance data. Washington Department of Fish and Wildlife. Protocol and Methods available at https://fortress.wa.gov/dfw/score/score/. Accessed from www.cax.streamnet.org vers May 26 2020 10:00PM by Mari Williams, NOAAF NWFSC/PSMFC.",""
"CRchum2020","Salmon, chum (Columbia River ESU)","Chum salmon","Survey","Coast","115","Grays/Chinook Fall Chum","Grays & Chinook Rs.","1.1.1","Fall","Grays River","2014","4792","0.89","-99","Washington Department of Fish and Wildlife","Mari Williams","Columbia River Chum Natural Origin Spawner Abundance Dataset (2005-2018). Spawner abundance data. Washington Department of Fish and Wildlife. Protocol and Methods available at https://fortress.wa.gov/dfw/score/score/. Accessed from www.cax.streamnet.org vers May 26 2020 10:00PM by Mari Williams, NOAAF NWFSC/PSMFC.",""
"CRchum2020","Salmon, chum (Columbia River ESU)","Chum salmon","Survey","Coast","115","Grays/Chinook Fall Chum","Grays & Chinook Rs.","1.1.1","Fall","Grays River","2015","11580","0.938","-99","Washington Department of Fish and Wildlife","Mari Williams","Columbia River Chum Natural Origin Spawner Abundance Dataset (2005-2018). Spawner abundance data. Washington Department of Fish and Wildlife. Protocol and Methods available at https://fortress.wa.gov/dfw/score/score/. Accessed from www.cax.streamnet.org vers May 26 2020 10:00PM by Mari Williams, NOAAF NWFSC/PSMFC.",""
"CRchum2020","Salmon, chum (Columbia River ESU)","Chum salmon","Survey","Coast","115","Grays/Chinook Fall Chum","Grays & Chinook Rs.","1.1.1","Fall","Grays River","2016","31138","0.977","-99","Washington Department of Fish and Wildlife","Mari Williams","Columbia River Chum Natural Origin Spawner Abundance Dataset (2005-2018). Spawner abundance data. Washington Department of Fish and Wildlife. Protocol and Methods available at https://fortress.wa.gov/dfw/score/score/. Accessed from www.cax.streamnet.org vers May 26 2020 10:00PM by Mari Williams, NOAAF NWFSC/PSMFC.",""
"CRchum2020","Salmon, chum (Columbia River ESU)","Chum salmon","Survey","Coast","115","Grays/Chinook Fall Chum","Grays & Chinook Rs.","1.1.1","Fall","Grays River","2017","6662","0.933","-99","Washington Department of Fish and Wildlife","Mari Williams","Columbia River Chum Natural Origin Spawner Abundance Dataset (2005-2018). Spawner abundance data. Washington Department of Fish and Wildlife. Protocol and Methods available at https://fortress.wa.gov/dfw/score/score/. Accessed from www.cax.streamnet.org vers May 26 2020 10:00PM by Mari Williams, NOAAF NWFSC/PSMFC.",""
"CRchum2020","Salmon, chum (Columbia River ESU)","Chum salmon","Survey","Coast","115","Grays/Chinook Fall Chum","Grays & Chinook Rs.","1.1.1","Fall","Grays River","2018","6811","0.928","-99","Washington Department of Fish and Wildlife","Mari Williams","Columbia River Chum Natural Origin Spawner Abundance Dataset (2005-2018). Spawner abundance data. Washington Department of Fish and Wildlife. Protocol and Methods available at https://fortress.wa.gov/dfw/score/score/. Accessed from www.cax.streamnet.org vers May 26 2020 10:00PM by Mari Williams, NOAAF NWFSC/PSMFC.",""
"CRchum2020","Salmon, chum (Columbia River ESU)","Chum salmon","Survey","Cascade","124","Washougal Fall Chum","Washougal R.","2.1.8","Fall","Washougal River","2005","923","0.977","-99","Washington Department of Fish and Wildlife","Mari Williams","Columbia River Chum Natural Origin Spawner Abundance Dataset (2001-2018). Spawner abundance data. Washington Department of Fish and Wildlife. Protocol and Methods available at https://fortress.wa.gov/dfw/score/score/. Accessed from www.cax.streamnet.org vers May 26 2020 10:00PM by Mari Williams, NOAAF NWFSC/PSMFC.",""
"CRchum2020","Salmon, chum (Columbia River ESU)","Chum salmon","Survey","Cascade","124","Washougal Fall Chum","Washougal R.","2.1.8","Fall","Washougal River","2006","869","-99","-99","Washington Department of Fish and Wildlife","Mari Williams","Columbia River Chum Natural Origin Spawner Abundance Dataset (2001-2018). Spawner abundance data. Washington Department of Fish and Wildlife. Protocol and Methods available at https://fortress.wa.gov/dfw/score/score/. Accessed from www.cax.streamnet.org vers May 26 2020 10:00PM by Mari Williams, NOAAF NWFSC/PSMFC.",""
"CRchum2020","Salmon, chum (Columbia River ESU)","Chum salmon","Survey","Cascade","124","Washougal Fall Chum","Washougal R.","2.1.8","Fall","Washougal River","2007","576","-99","-99","Washington Department of Fish and Wildlife","Mari Williams","Columbia River Chum Natural Origin Spawner Abundance Dataset (2001-2018). Spawner abundance data. Washington Department of Fish and Wildlife. Protocol and Methods available at https://fortress.wa.gov/dfw/score/score/. Accessed from www.cax.streamnet.org vers May 26 2020 10:00PM by Mari Williams, NOAAF NWFSC/PSMFC.",""
"CRchum2020","Salmon, chum (Columbia River ESU)","Chum salmon","Survey","Cascade","124","Washougal Fall Chum","Washougal R.","2.1.8","Fall","Washougal River","2008","644","-99","-99","Washington Department of Fish and Wildlife","Mari Williams","Columbia River Chum Natural Origin Spawner Abundance Dataset (2001-2018). Spawner abundance data. Washington Department of Fish and Wildlife. Protocol and Methods available at https://fortress.wa.gov/dfw/score/score/. Accessed from www.cax.streamnet.org vers May 26 2020 10:00PM by Mari Williams, NOAAF NWFSC/PSMFC.",""
"CRchum2020","Salmon, chum (Columbia River ESU)","Chum salmon","Survey","Cascade","124","Washougal Fall Chum","Washougal R.","2.1.8","Fall","Washougal River","2009","1154","0.969","-99","Washington Department of Fish and Wildlife","Mari Williams","Columbia River Chum Natural Origin Spawner Abundance Dataset (2001-2018). Spawner abundance data. Washington Department of Fish and Wildlife. Protocol and Methods available at https://fortress.wa.gov/dfw/score/score/. Accessed from www.cax.streamnet.org vers May 26 2020 10:00PM by Mari Williams, NOAAF NWFSC/PSMFC.",""
"CRchum2020","Salmon, chum (Columbia River ESU)","Chum salmon","Survey","Cascade","124","Washougal Fall Chum","Washougal R.","2.1.8","Fall","Washougal River","2010","2148","-99","-99","Washington Department of Fish and Wildlife","Mari Williams","Columbia River Chum Natural Origin Spawner Abundance Dataset (2001-2018). Spawner abundance data. Washington Department of Fish and Wildlife. Protocol and Methods available at https://fortress.wa.gov/dfw/score/score/. Accessed from www.cax.streamnet.org vers May 26 2020 10:00PM by Mari Williams, NOAAF NWFSC/PSMFC.",""
"CRchum2020","Salmon, chum (Columbia River ESU)","Chum salmon","Survey","Cascade","124","Washougal Fall Chum","Washougal R.","2.1.8","Fall","Washougal River","2011","4801","-99","-99","Washington Department of Fish and Wildlife","Mari Williams","Columbia River Chum Natural Origin Spawner Abundance Dataset (2001-2018). Spawner abundance data. Washington Department of Fish and Wildlife. Protocol and Methods available at https://fortress.wa.gov/dfw/score/score/. Accessed from www.cax.streamnet.org vers May 26 2020 10:00PM by Mari Williams, NOAAF NWFSC/PSMFC.",""
"CRchum2020","Salmon, chum (Columbia River ESU)","Chum salmon","Survey","Cascade","124","Washougal Fall Chum","Washougal R.","2.1.8","Fall","Washougal River","2012","2498","-99","-99","Washington Department of Fish and Wildlife","Mari Williams","Columbia River Chum Natural Origin Spawner Abundance Dataset (2001-2018). Spawner abundance data. Washington Department of Fish and Wildlife. Protocol and Methods available at https://fortress.wa.gov/dfw/score/score/. Accessed from www.cax.streamnet.org vers May 26 2020 10:00PM by Mari Williams, NOAAF NWFSC/PSMFC.",""
"CRchum2020","Salmon, chum (Columbia River ESU)","Chum salmon","Survey","Cascade","124","Washougal Fall Chum","Washougal R.","2.1.8","Fall","Washougal River","2013","1364","-99","-99","Washington Department of Fish and Wildlife","Mari Williams","Columbia River Chum Natural Origin Spawner Abundance Dataset (2001-2018). Spawner abundance data. Washington Department of Fish and Wildlife. Protocol and Methods available at https://fortress.wa.gov/dfw/score/score/. Accessed from www.cax.streamnet.org vers May 26 2020 10:00PM by Mari Williams, NOAAF NWFSC/PSMFC.",""
"CRchum2020","Salmon, chum (Columbia River ESU)","Chum salmon","Survey","Cascade","124","Washougal Fall Chum","Washougal R.","2.1.8","Fall","Washougal River","2014","1387","-99","-99","Washington Department of Fish and Wildlife","Mari Williams","Columbia River Chum Natural Origin Spawner Abundance Dataset (2001-2018). Spawner abundance data. Washington Department of Fish and Wildlife. Protocol and Methods available at https://fortress.wa.gov/dfw/score/score/. Accessed from www.cax.streamnet.org vers May 26 2020 10:00PM by Mari Williams, NOAAF NWFSC/PSMFC.",""
"CRchum2020","Salmon, chum (Columbia River ESU)","Chum salmon","Survey","Cascade","124","Washougal Fall Chum","Washougal R.","2.1.8","Fall","Washougal River","2015","4694","-99","-99","Washington Department of Fish and Wildlife","Mari Williams","Columbia River Chum Natural Origin Spawner Abundance Dataset (2001-2018). Spawner abundance data. Washington Department of Fish and Wildlife. Protocol and Methods available at https://fortress.wa.gov/dfw/score/score/. Accessed from www.cax.streamnet.org vers May 26 2020 10:00PM by Mari Williams, NOAAF NWFSC/PSMFC.",""
"CRchum2020","Salmon, chum (Columbia River ESU)","Chum salmon","Survey","Cascade","124","Washougal Fall Chum","Washougal R.","2.1.8","Fall","Washougal River","2016","5155","0.982","-99","Washington Department of Fish and Wildlife","Mari Williams","Columbia River Chum Natural Origin Spawner Abundance Dataset (2001-2018). Spawner abundance data. Washington Department of Fish and Wildlife. Protocol and Methods available at https://fortress.wa.gov/dfw/score/score/. Accessed from www.cax.streamnet.org vers May 26 2020 10:00PM by Mari Williams, NOAAF NWFSC/PSMFC.",""
"CRchum2020","Salmon, chum (Columbia River ESU)","Chum salmon","Survey","Cascade","124","Washougal Fall Chum","Washougal R.","2.1.8","Fall","Washougal River","2017","1570","1","-99","Washington Department of Fish and Wildlife","Mari Williams","Columbia River Chum Natural Origin Spawner Abundance Dataset (2001-2018). Spawner abundance data. Washington Department of Fish and Wildlife. Protocol and Methods available at https://fortress.wa.gov/dfw/score/score/. Accessed from www.cax.streamnet.org vers May 26 2020 10:00PM by Mari Williams, NOAAF NWFSC/PSMFC.",""
"CRchum2020","Salmon, chum (Columbia River ESU)","Chum salmon","Survey","Cascade","124","Washougal Fall Chum","Washougal R.","2.1.8","Fall","Washougal River","2018","2518","0.987","-99","Washington Department of Fish and Wildlife","Mari Williams","Columbia River Chum Natural Origin Spawner Abundance Dataset (2001-2018). Spawner abundance data. Washington Department of Fish and Wildlife. Protocol and Methods available at https://fortress.wa.gov/dfw/score/score/. Accessed from www.cax.streamnet.org vers May 26 2020 10:00PM by Mari Williams, NOAAF NWFSC/PSMFC.",""
"CRchum2020","Salmon, chum (Columbia River ESU)","Chum salmon","Survey","Gorge","118","Lower Gorge (Columbia) Fall Chum","Low. Gorge Tribs.","3.1.1","Fall","Lower Gorge Tributaries","2000","1265","1","-99","Washington Department of Fish and Wildlife","Mari Williams","Columbia River Chum Natural Origin Spawner Abundance Dataset (2000-2018). Spawner abundance data. Washington Department of Fish and Wildlife. Protocol and Methods available at https://fortress.wa.gov/dfw/score/score/. Accessed from www.cax.streamnet.org vers May 26 2020 10:00PM by Mari Williams, NOAAF NWFSC/PSMFC.",""
"CRchum2020","Salmon, chum (Columbia River ESU)","Chum salmon","Survey","Gorge","118","Lower Gorge (Columbia) Fall Chum","Low. Gorge Tribs.","3.1.1","Fall","Lower Gorge Tributaries","2001","2032","1","-99","Washington Department of Fish and Wildlife","Mari Williams","Columbia River Chum Natural Origin Spawner Abundance Dataset (2000-2018). Spawner abundance data. Washington Department of Fish and Wildlife. Protocol and Methods available at https://fortress.wa.gov/dfw/score/score/. Accessed from www.cax.streamnet.org vers May 26 2020 10:00PM by Mari Williams, NOAAF NWFSC/PSMFC.",""
"CRchum2020","Salmon, chum (Columbia River ESU)","Chum salmon","Survey","Gorge","118","Lower Gorge (Columbia) Fall Chum","Low. Gorge Tribs.","3.1.1","Fall","Lower Gorge Tributaries","2002","7954","1","-99","Washington Department of Fish and Wildlife","Mari Williams","Columbia River Chum Natural Origin Spawner Abundance Dataset (2000-2018). Spawner abundance data. Washington Department of Fish and Wildlife. Protocol and Methods available at https://fortress.wa.gov/dfw/score/score/. Accessed from www.cax.streamnet.org vers May 26 2020 10:00PM by Mari Williams, NOAAF NWFSC/PSMFC.",""
"CRchum2020","Salmon, chum (Columbia River ESU)","Chum salmon","Survey","Gorge","118","Lower Gorge (Columbia) Fall Chum","Low. Gorge Tribs.","3.1.1","Fall","Lower Gorge Tributaries","2003","3381","1","-99","Washington Department of Fish and Wildlife","Mari Williams","Columbia River Chum Natural Origin Spawner Abundance Dataset (2000-2018). Spawner abundance data. Washington Department of Fish and Wildlife. Protocol and Methods available at https://fortress.wa.gov/dfw/score/score/. Accessed from www.cax.streamnet.org vers May 26 2020 10:00PM by Mari Williams, NOAAF NWFSC/PSMFC.",""
"CRchum2020","Salmon, chum (Columbia River ESU)","Chum salmon","Survey","Gorge","118","Lower Gorge (Columbia) Fall Chum","Low. Gorge Tribs.","3.1.1","Fall","Lower Gorge Tributaries","2004","2103","1","-99","Washington Department of Fish and Wildlife","Mari Williams","Columbia River Chum Natural Origin Spawner Abundance Dataset (2000-2018). Spawner abundance data. Washington Department of Fish and Wildlife. Protocol and Methods available at https://fortress.wa.gov/dfw/score/score/. Accessed from www.cax.streamnet.org vers May 26 2020 10:00PM by Mari Williams, NOAAF NWFSC/PSMFC.",""
"CRchum2020","Salmon, chum (Columbia River ESU)","Chum salmon","Survey","Gorge","118","Lower Gorge (Columbia) Fall Chum","Low. Gorge Tribs.","3.1.1","Fall","Lower Gorge Tributaries","2005","939","0.96","-99","Washington Department of Fish and Wildlife","Mari Williams","Columbia River Chum Natural Origin Spawner Abundance Dataset (2000-2018). Spawner abundance data. Washington Department of Fish and Wildlife. Protocol and Methods available at https://fortress.wa.gov/dfw/score/score/. Accessed from www.cax.streamnet.org vers May 26 2020 10:00PM by Mari Williams, NOAAF NWFSC/PSMFC.",""
"CRchum2020","Salmon, chum (Columbia River ESU)","Chum salmon","Survey","Gorge","118","Lower Gorge (Columbia) Fall Chum","Low. Gorge Tribs.","3.1.1","Fall","Lower Gorge Tributaries","2006","1606","1","-99","Washington Department of Fish and Wildlife","Mari Williams","Columbia River Chum Natural Origin Spawner Abundance Dataset (2000-2018). Spawner abundance data. Washington Department of Fish and Wildlife. Protocol and Methods available at https://fortress.wa.gov/dfw/score/score/. Accessed from www.cax.streamnet.org vers May 26 2020 10:00PM by Mari Williams, NOAAF NWFSC/PSMFC.",""
"CRchum2020","Salmon, chum (Columbia River ESU)","Chum salmon","Survey","Gorge","118","Lower Gorge (Columbia) Fall Chum","Low. Gorge Tribs.","3.1.1","Fall","Lower Gorge Tributaries","2007","510","1","-99","Washington Department of Fish and Wildlife","Mari Williams","Columbia River Chum Natural Origin Spawner Abundance Dataset (2000-2018). Spawner abundance data. Washington Department of Fish and Wildlife. Protocol and Methods available at https://fortress.wa.gov/dfw/score/score/. Accessed from www.cax.streamnet.org vers May 26 2020 10:00PM by Mari Williams, NOAAF NWFSC/PSMFC.",""
"CRchum2020","Salmon, chum (Columbia River ESU)","Chum salmon","Survey","Gorge","118","Lower Gorge (Columbia) Fall Chum","Low. Gorge Tribs.","3.1.1","Fall","Lower Gorge Tributaries","2008","602","0.957","-99","Washington Department of Fish and Wildlife","Mari Williams","Columbia River Chum Natural Origin Spawner Abundance Dataset (2000-2018). Spawner abundance data. Washington Department of Fish and Wildlife. Protocol and Methods available at https://fortress.wa.gov/dfw/score/score/. Accessed from www.cax.streamnet.org vers May 26 2020 10:00PM by Mari Williams, NOAAF NWFSC/PSMFC.",""
"CRchum2020","Salmon, chum (Columbia River ESU)","Chum salmon","Survey","Gorge","118","Lower Gorge (Columbia) Fall Chum","Low. Gorge Tribs.","3.1.1","Fall","Lower Gorge Tributaries","2009","597","0.957","-99","Washington Department of Fish and Wildlife","Mari Williams","Columbia River Chum Natural Origin Spawner Abundance Dataset (2000-2018). Spawner abundance data. Washington Department of Fish and Wildlife. Protocol and Methods available at https://fortress.wa.gov/dfw/score/score/. Accessed from www.cax.streamnet.org vers May 26 2020 10:00PM by Mari Williams, NOAAF NWFSC/PSMFC.",""
"CRchum2020","Salmon, chum (Columbia River ESU)","Chum salmon","Survey","Gorge","118","Lower Gorge (Columbia) Fall Chum","Low. Gorge Tribs.","3.1.1","Fall","Lower Gorge Tributaries","2010","2674","1","-99","Washington Department of Fish and Wildlife","Mari Williams","Columbia River Chum Natural Origin Spawner Abundance Dataset (2000-2018). Spawner abundance data. Washington Department of Fish and Wildlife. Protocol and Methods available at https://fortress.wa.gov/dfw/score/score/. Accessed from www.cax.streamnet.org vers May 26 2020 10:00PM by Mari Williams, NOAAF NWFSC/PSMFC.",""
"CRchum2020","Salmon, chum (Columbia River ESU)","Chum salmon","Survey","Gorge","118","Lower Gorge (Columbia) Fall Chum","Low. Gorge Tribs.","3.1.1","Fall","Lower Gorge Tributaries","2011","3190","1","-99","Washington Department of Fish and Wildlife","Mari Williams","Columbia River Chum Natural Origin Spawner Abundance Dataset (2000-2018). Spawner abundance data. Washington Department of Fish and Wildlife. Protocol and Methods available at https://fortress.wa.gov/dfw/score/score/. Accessed from www.cax.streamnet.org vers May 26 2020 10:00PM by Mari Williams, NOAAF NWFSC/PSMFC.",""
"CRchum2020","Salmon, chum (Columbia River ESU)","Chum salmon","Survey","Gorge","118","Lower Gorge (Columbia) Fall Chum","Low. Gorge Tribs.","3.1.1","Fall","Lower Gorge Tributaries","2012","1864","1","-99","Washington Department of Fish and Wildlife","Mari Williams","Columbia River Chum Natural Origin Spawner Abundance Dataset (2000-2018). Spawner abundance data. Washington Department of Fish and Wildlife. Protocol and Methods available at https://fortress.wa.gov/dfw/score/score/. Accessed from www.cax.streamnet.org vers May 26 2020 10:00PM by Mari Williams, NOAAF NWFSC/PSMFC.",""
"CRchum2020","Salmon, chum (Columbia River ESU)","Chum salmon","Survey","Gorge","118","Lower Gorge (Columbia) Fall Chum","Low. Gorge Tribs.","3.1.1","Fall","Lower Gorge Tributaries","2013","1595","1","-99","Washington Department of Fish and Wildlife","Mari Williams","Columbia River Chum Natural Origin Spawner Abundance Dataset (2000-2018). Spawner abundance data. Washington Department of Fish and Wildlife. Protocol and Methods available at https://fortress.wa.gov/dfw/score/score/. Accessed from www.cax.streamnet.org vers May 26 2020 10:00PM by Mari Williams, NOAAF NWFSC/PSMFC.",""
"CRchum2020","Salmon, chum (Columbia River ESU)","Chum salmon","Survey","Gorge","118","Lower Gorge (Columbia) Fall Chum","Low. Gorge Tribs.","3.1.1","Fall","Lower Gorge Tributaries","2014","2387","0.981","-99","Washington Department of Fish and Wildlife","Mari Williams","Columbia River Chum Natural Origin Spawner Abundance Dataset (2000-2018). Spawner abundance data. Washington Department of Fish and Wildlife. Protocol and Methods available at https://fortress.wa.gov/dfw/score/score/. Accessed from www.cax.streamnet.org vers May 26 2020 10:00PM by Mari Williams, NOAAF NWFSC/PSMFC.",""
"CRchum2020","Salmon, chum (Columbia River ESU)","Chum salmon","Survey","Gorge","118","Lower Gorge (Columbia) Fall Chum","Low. Gorge Tribs.","3.1.1","Fall","Lower Gorge Tributaries","2015","5345","1","-99","Washington Department of Fish and Wildlife","Mari Williams","Columbia River Chum Natural Origin Spawner Abundance Dataset (2000-2018). Spawner abundance data. Washington Department of Fish and Wildlife. Protocol and Methods available at https://fortress.wa.gov/dfw/score/score/. Accessed from www.cax.streamnet.org vers May 26 2020 10:00PM by Mari Williams, NOAAF NWFSC/PSMFC.",""
"CRchum2020","Salmon, chum (Columbia River ESU)","Chum salmon","Survey","Gorge","118","Lower Gorge (Columbia) Fall Chum","Low. Gorge Tribs.","3.1.1","Fall","Lower Gorge Tributaries","2016","6103","1","-99","Washington Department of Fish and Wildlife","Mari Williams","Columbia River Chum Natural Origin Spawner Abundance Dataset (2000-2018). Spawner abundance data. Washington Department of Fish and Wildlife. Protocol and Methods available at https://fortress.wa.gov/dfw/score/score/. Accessed from www.cax.streamnet.org vers May 26 2020 10:00PM by Mari Williams, NOAAF NWFSC/PSMFC.",""
"CRchum2020","Salmon, chum (Columbia River ESU)","Chum salmon","Survey","Gorge","118","Lower Gorge (Columbia) Fall Chum","Low. Gorge Tribs.","3.1.1","Fall","Lower Gorge Tributaries","2017","1499","1","-99","Washington Department of Fish and Wildlife","Mari Williams","Columbia River Chum Natural Origin Spawner Abundance Dataset (2000-2018). Spawner abundance data. Washington Department of Fish and Wildlife. Protocol and Methods available at https://fortress.wa.gov/dfw/score/score/. Accessed from www.cax.streamnet.org vers May 26 2020 10:00PM by Mari Williams, NOAAF NWFSC/PSMFC.",""
"CRchum2020","Salmon, chum (Columbia River ESU)","Chum salmon","Survey","Gorge","118","Lower Gorge (Columbia) Fall Chum","Low. Gorge Tribs.","3.1.1","Fall","Lower Gorge Tributaries","2018","4918","0.987","-99","Washington Department of Fish and Wildlife","Mari Williams","Columbia River Chum Natural Origin Spawner Abundance Dataset (2000-2018). Spawner abundance data. Washington Department of Fish and Wildlife. Protocol and Methods available at https://fortress.wa.gov/dfw/score/score/. Accessed from www.cax.streamnet.org vers May 26 2020 10:00PM by Mari Williams, NOAAF NWFSC/PSMFC.",""
"CRchum2020","Salmon, chum (Columbia River ESU)","Chum salmon","Survey","Gorge","123","Upper Gorge (Columbia) Fall Chum","Up. Gorge Tribs.","3.1.2","Fall","Upper Gorge Tributaries","1938","2114","-99","-99","Washington Department of Fish and Wildlife","Mari Williams","Columbia River Chum Natural Origin Spawner Abundance Dataset (1938-2018). Spawner abundance data. Washington Department of Fish and Wildlife. Protocol and Methods available at https://fortress.wa.gov/dfw/score/score/. Accessed from www.cax.streamnet.org vers May 26 2020 10:00PM by Mari Williams, NOAAF NWFSC/PSMFC.",""
"CRchum2020","Salmon, chum (Columbia River ESU)","Chum salmon","Survey","Gorge","123","Upper Gorge (Columbia) Fall Chum","Up. Gorge Tribs.","3.1.2","Fall","Upper Gorge Tributaries","1939","1147","-99","-99","Washington Department of Fish and Wildlife","Mari Williams","Columbia River Chum Natural Origin Spawner Abundance Dataset (1938-2018). Spawner abundance data. Washington Department of Fish and Wildlife. Protocol and Methods available at https://fortress.wa.gov/dfw/score/score/. Accessed from www.cax.streamnet.org vers May 26 2020 10:00PM by Mari Williams, NOAAF NWFSC/PSMFC.",""
"CRchum2020","Salmon, chum (Columbia River ESU)","Chum salmon","Survey","Gorge","123","Upper Gorge (Columbia) Fall Chum","Up. Gorge Tribs.","3.1.2","Fall","Upper Gorge Tributaries","1940","1729","-99","-99","Washington Department of Fish and Wildlife","Mari Williams","Columbia River Chum Natural Origin Spawner Abundance Dataset (1938-2018). Spawner abundance data. Washington Department of Fish and Wildlife. Protocol and Methods available at https://fortress.wa.gov/dfw/score/score/. Accessed from www.cax.streamnet.org vers May 26 2020 10:00PM by Mari Williams, NOAAF NWFSC/PSMFC.",""
"CRchum2020","Salmon, chum (Columbia River ESU)","Chum salmon","Survey","Gorge","123","Upper Gorge (Columbia) Fall Chum","Up. Gorge Tribs.","3.1.2","Fall","Upper Gorge Tributaries","1941","5269","-99","-99","Washington Department of Fish and Wildlife","Mari Williams","Columbia River Chum Natural Origin Spawner Abundance Dataset (1938-2018). Spawner abundance data. Washington Department of Fish and Wildlife. Protocol and Methods available at https://fortress.wa.gov/dfw/score/score/. Accessed from www.cax.streamnet.org vers May 26 2020 10:00PM by Mari Williams, NOAAF NWFSC/PSMFC.",""
"CRchum2020","Salmon, chum (Columbia River ESU)","Chum salmon","Survey","Gorge","123","Upper Gorge (Columbia) Fall Chum","Up. Gorge Tribs.","3.1.2","Fall","Upper Gorge Tributaries","1942","1865","-99","-99","Washington Department of Fish and Wildlife","Mari Williams","Columbia River Chum Natural Origin Spawner Abundance Dataset (1938-2018). Spawner abundance data. Washington Department of Fish and Wildlife. Protocol and Methods available at https://fortress.wa.gov/dfw/score/score/. Accessed from www.cax.streamnet.org vers May 26 2020 10:00PM by Mari Williams, NOAAF NWFSC/PSMFC.",""
"CRchum2020","Salmon, chum (Columbia River ESU)","Chum salmon","Survey","Gorge","123","Upper Gorge (Columbia) Fall Chum","Up. Gorge Tribs.","3.1.2","Fall","Upper Gorge Tributaries","1943","778","-99","-99","Washington Department of Fish and Wildlife","Mari Williams","Columbia River Chum Natural Origin Spawner Abundance Dataset (1938-2018). Spawner abundance data. Washington Department of Fish and Wildlife. Protocol and Methods available at https://fortress.wa.gov/dfw/score/score/. Accessed from www.cax.streamnet.org vers May 26 2020 10:00PM by Mari Williams, NOAAF NWFSC/PSMFC.",""
"CRchum2020","Salmon, chum (Columbia River ESU)","Chum salmon","Survey","Gorge","123","Upper Gorge (Columbia) Fall Chum","Up. Gorge Tribs.","3.1.2","Fall","Upper Gorge Tributaries","1944","953","-99","-99","Washington Department of Fish and Wildlife","Mari Williams","Columbia River Chum Natural Origin Spawner Abundance Dataset (1938-2018). Spawner abundance data. Washington Department of Fish and Wildlife. Protocol and Methods available at https://fortress.wa.gov/dfw/score/score/. Accessed from www.cax.streamnet.org vers May 26 2020 10:00PM by Mari Williams, NOAAF NWFSC/PSMFC.",""
"CRchum2020","Salmon, chum (Columbia River ESU)","Chum salmon","Survey","Gorge","123","Upper Gorge (Columbia) Fall Chum","Up. Gorge Tribs.","3.1.2","Fall","Upper Gorge Tributaries","1945","727","-99","-99","Washington Department of Fish and Wildlife","Mari Williams","Columbia River Chum Natural Origin Spawner Abundance Dataset (1938-2018). Spawner abundance data. Washington Department of Fish and Wildlife. Protocol and Methods available at https://fortress.wa.gov/dfw/score/score/. Accessed from www.cax.streamnet.org vers May 26 2020 10:00PM by Mari Williams, NOAAF NWFSC/PSMFC.",""
"CRchum2020","Salmon, chum (Columbia River ESU)","Chum salmon","Survey","Gorge","123","Upper Gorge (Columbia) Fall Chum","Up. Gorge Tribs.","3.1.2","Fall","Upper Gorge Tributaries","1946","1176","-99","-99","Washington Department of Fish and Wildlife","Mari Williams","Columbia River Chum Natural Origin Spawner Abundance Dataset (1938-2018). Spawner abundance data. Washington Department of Fish and Wildlife. Protocol and Methods available at https://fortress.wa.gov/dfw/score/score/. Accessed from www.cax.streamnet.org vers May 26 2020 10:00PM by Mari Williams, NOAAF NWFSC/PSMFC.",""
"CRchum2020","Salmon, chum (Columbia River ESU)","Chum salmon","Survey","Gorge","123","Upper Gorge (Columbia) Fall Chum","Up. Gorge Tribs.","3.1.2","Fall","Upper Gorge Tributaries","1947","193","-99","-99","Washington Department of Fish and Wildlife","Mari Williams","Columbia River Chum Natural Origin Spawner Abundance Dataset (1938-2018). Spawner abundance data. Washington Department of Fish and Wildlife. Protocol and Methods available at https://fortress.wa.gov/dfw/score/score/. Accessed from www.cax.streamnet.org vers May 26 2020 10:00PM by Mari Williams, NOAAF NWFSC/PSMFC.",""
"CRchum2020","Salmon, chum (Columbia River ESU)","Chum salmon","Survey","Gorge","123","Upper Gorge (Columbia) Fall Chum","Up. Gorge Tribs.","3.1.2","Fall","Upper Gorge Tributaries","1948","3571","-99","-99","Washington Department of Fish and Wildlife","Mari Williams","Columbia River Chum Natural Origin Spawner Abundance Dataset (1938-2018). Spawner abundance data. Washington Department of Fish and Wildlife. Protocol and Methods available at https://fortress.wa.gov/dfw/score/score/. Accessed from www.cax.streamnet.org vers May 26 2020 10:00PM by Mari Williams, NOAAF NWFSC/PSMFC.",""
"CRchum2020","Salmon, chum (Columbia River ESU)","Chum salmon","Survey","Gorge","123","Upper Gorge (Columbia) Fall Chum","Up. Gorge Tribs.","3.1.2","Fall","Upper Gorge Tributaries","1949","2018","-99","-99","Washington Department of Fish and Wildlife","Mari Williams","Columbia River Chum Natural Origin Spawner Abundance Dataset (1938-2018). Spawner abundance data. Washington Department of Fish and Wildlife. Protocol and Methods available at https://fortress.wa.gov/dfw/score/score/. Accessed from www.cax.streamnet.org vers May 26 2020 10:00PM by Mari Williams, NOAAF NWFSC/PSMFC.",""
"CRchum2020","Salmon, chum (Columbia River ESU)","Chum salmon","Survey","Gorge","123","Upper Gorge (Columbia) Fall Chum","Up. Gorge Tribs.","3.1.2","Fall","Upper Gorge Tributaries","1950","1069","-99","-99","Washington Department of Fish and Wildlife","Mari Williams","Columbia River Chum Natural Origin Spawner Abundance Dataset (1938-2018). Spawner abundance data. Washington Department of Fish and Wildlife. Protocol and Methods available at https://fortress.wa.gov/dfw/score/score/. Accessed from www.cax.streamnet.org vers May 26 2020 10:00PM by Mari Williams, NOAAF NWFSC/PSMFC.",""
"CRchum2020","Salmon, chum (Columbia River ESU)","Chum salmon","Survey","Gorge","123","Upper Gorge (Columbia) Fall Chum","Up. Gorge Tribs.","3.1.2","Fall","Upper Gorge Tributaries","1951","1044","-99","-99","Washington Department of Fish and Wildlife","Mari Williams","Columbia River Chum Natural Origin Spawner Abundance Dataset (1938-2018). Spawner abundance data. Washington Department of Fish and Wildlife. Protocol and Methods available at https://fortress.wa.gov/dfw/score/score/. Accessed from www.cax.streamnet.org vers May 26 2020 10:00PM by Mari Williams, NOAAF NWFSC/PSMFC.",""
"CRchum2020","Salmon, chum (Columbia River ESU)","Chum salmon","Survey","Gorge","123","Upper Gorge (Columbia) Fall Chum","Up. Gorge Tribs.","3.1.2","Fall","Upper Gorge Tributaries","1952","1504","-99","-99","Washington Department of Fish and Wildlife","Mari Williams","Columbia River Chum Natural Origin Spawner Abundance Dataset (1938-2018). Spawner abundance data. Washington Department of Fish and Wildlife. Protocol and Methods available at https://fortress.wa.gov/dfw/score/score/. Accessed from www.cax.streamnet.org vers May 26 2020 10:00PM by Mari Williams, NOAAF NWFSC/PSMFC.",""
"CRchum2020","Salmon, chum (Columbia River ESU)","Chum salmon","Survey","Gorge","123","Upper Gorge (Columbia) Fall Chum","Up. Gorge Tribs.","3.1.2","Fall","Upper Gorge Tributaries","1953","1728","-99","-99","Washington Department of Fish and Wildlife","Mari Williams","Columbia River Chum Natural Origin Spawner Abundance Dataset (1938-2018). Spawner abundance data. Washington Department of Fish and Wildlife. Protocol and Methods available at https://fortress.wa.gov/dfw/score/score/. Accessed from www.cax.streamnet.org vers May 26 2020 10:00PM by Mari Williams, NOAAF NWFSC/PSMFC.",""
"CRchum2020","Salmon, chum (Columbia River ESU)","Chum salmon","Survey","Gorge","123","Upper Gorge (Columbia) Fall Chum","Up. Gorge Tribs.","3.1.2","Fall","Upper Gorge Tributaries","1954","1569","-99","-99","Washington Department of Fish and Wildlife","Mari Williams","Columbia River Chum Natural Origin Spawner Abundance Dataset (1938-2018). Spawner abundance data. Washington Department of Fish and Wildlife. Protocol and Methods available at https://fortress.wa.gov/dfw/score/score/. Accessed from www.cax.streamnet.org vers May 26 2020 10:00PM by Mari Williams, NOAAF NWFSC/PSMFC.",""
"CRchum2020","Salmon, chum (Columbia River ESU)","Chum salmon","Survey","Gorge","123","Upper Gorge (Columbia) Fall Chum","Up. Gorge Tribs.","3.1.2","Fall","Upper Gorge Tributaries","1955","313","-99","-99","Washington Department of Fish and Wildlife","Mari Williams","Columbia River Chum Natural Origin Spawner Abundance Dataset (1938-2018). Spawner abundance data. Washington Department of Fish and Wildlife. Protocol and Methods available at https://fortress.wa.gov/dfw/score/score/. Accessed from www.cax.streamnet.org vers May 26 2020 10:00PM by Mari Williams, NOAAF NWFSC/PSMFC.",""
"CRchum2020","Salmon, chum (Columbia River ESU)","Chum salmon","Survey","Gorge","123","Upper Gorge (Columbia) Fall Chum","Up. Gorge Tribs.","3.1.2","Fall","Upper Gorge Tributaries","1956","693","-99","-99","Washington Department of Fish and Wildlife","Mari Williams","Columbia River Chum Natural Origin Spawner Abundance Dataset (1938-2018). Spawner abundance data. Washington Department of Fish and Wildlife. Protocol and Methods available at https://fortress.wa.gov/dfw/score/score/. Accessed from www.cax.streamnet.org vers May 26 2020 10:00PM by Mari Williams, NOAAF NWFSC/PSMFC.",""
"CRchum2020","Salmon, chum (Columbia River ESU)","Chum salmon","Survey","Gorge","123","Upper Gorge (Columbia) Fall Chum","Up. Gorge Tribs.","3.1.2","Fall","Upper Gorge Tributaries","1957","562","-99","-99","Washington Department of Fish and Wildlife","Mari Williams","Columbia River Chum Natural Origin Spawner Abundance Dataset (1938-2018). Spawner abundance data. Washington Department of Fish and Wildlife. Protocol and Methods available at https://fortress.wa.gov/dfw/score/score/. Accessed from www.cax.streamnet.org vers May 26 2020 10:00PM by Mari Williams, NOAAF NWFSC/PSMFC.",""
"CRchum2020","Salmon, chum (Columbia River ESU)","Chum salmon","Survey","Gorge","123","Upper Gorge (Columbia) Fall Chum","Up. Gorge Tribs.","3.1.2","Fall","Upper Gorge Tributaries","1958","455","-99","-99","Washington Department of Fish and Wildlife","Mari Williams","Columbia River Chum Natural Origin Spawner Abundance Dataset (1938-2018). Spawner abundance data. Washington Department of Fish and Wildlife. Protocol and Methods available at https://fortress.wa.gov/dfw/score/score/. Accessed from www.cax.streamnet.org vers May 26 2020 10:00PM by Mari Williams, NOAAF NWFSC/PSMFC.",""
"CRchum2020","Salmon, chum (Columbia River ESU)","Chum salmon","Survey","Gorge","123","Upper Gorge (Columbia) Fall Chum","Up. Gorge Tribs.","3.1.2","Fall","Upper Gorge Tributaries","1959","900","-99","-99","Washington Department of Fish and Wildlife","Mari Williams","Columbia River Chum Natural Origin Spawner Abundance Dataset (1938-2018). Spawner abundance data. Washington Department of Fish and Wildlife. Protocol and Methods available at https://fortress.wa.gov/dfw/score/score/. Accessed from www.cax.streamnet.org vers May 26 2020 10:00PM by Mari Williams, NOAAF NWFSC/PSMFC.",""
"CRchum2020","Salmon, chum (Columbia River ESU)","Chum salmon","Survey","Gorge","123","Upper Gorge (Columbia) Fall Chum","Up. Gorge Tribs.","3.1.2","Fall","Upper Gorge Tributaries","1960","1017","-99","-99","Washington Department of Fish and Wildlife","Mari Williams","Columbia River Chum Natural Origin Spawner Abundance Dataset (1938-2018). Spawner abundance data. Washington Department of Fish and Wildlife. Protocol and Methods available at https://fortress.wa.gov/dfw/score/score/. Accessed from www.cax.streamnet.org vers May 26 2020 10:00PM by Mari Williams, NOAAF NWFSC/PSMFC.",""
"CRchum2020","Salmon, chum (Columbia River ESU)","Chum salmon","Survey","Gorge","123","Upper Gorge (Columbia) Fall Chum","Up. Gorge Tribs.","3.1.2","Fall","Upper Gorge Tributaries","1961","896","-99","-99","Washington Department of Fish and Wildlife","Mari Williams","Columbia River Chum Natural Origin Spawner Abundance Dataset (1938-2018). Spawner abundance data. Washington Department of Fish and Wildlife. Protocol and Methods available at https://fortress.wa.gov/dfw/score/score/. Accessed from www.cax.streamnet.org vers May 26 2020 10:00PM by Mari Williams, NOAAF NWFSC/PSMFC.",""
"CRchum2020","Salmon, chum (Columbia River ESU)","Chum salmon","Survey","Gorge","123","Upper Gorge (Columbia) Fall Chum","Up. Gorge Tribs.","3.1.2","Fall","Upper Gorge Tributaries","1962","1013","-99","-99","Washington Department of Fish and Wildlife","Mari Williams","Columbia River Chum Natural Origin Spawner Abundance Dataset (1938-2018). Spawner abundance data. Washington Department of Fish and Wildlife. Protocol and Methods available at https://fortress.wa.gov/dfw/score/score/. Accessed from www.cax.streamnet.org vers May 26 2020 10:00PM by Mari Williams, NOAAF NWFSC/PSMFC.",""
"CRchum2020","Salmon, chum (Columbia River ESU)","Chum salmon","Survey","Gorge","123","Upper Gorge (Columbia) Fall Chum","Up. Gorge Tribs.","3.1.2","Fall","Upper Gorge Tributaries","1963","740","-99","-99","Washington Department of Fish and Wildlife","Mari Williams","Columbia River Chum Natural Origin Spawner Abundance Dataset (1938-2018). Spawner abundance data. Washington Department of Fish and Wildlife. Protocol and Methods available at https://fortress.wa.gov/dfw/score/score/. Accessed from www.cax.streamnet.org vers May 26 2020 10:00PM by Mari Williams, NOAAF NWFSC/PSMFC.",""
"CRchum2020","Salmon, chum (Columbia River ESU)","Chum salmon","Survey","Gorge","123","Upper Gorge (Columbia) Fall Chum","Up. Gorge Tribs.","3.1.2","Fall","Upper Gorge Tributaries","1964","632","-99","-99","Washington Department of Fish and Wildlife","Mari Williams","Columbia River Chum Natural Origin Spawner Abundance Dataset (1938-2018). Spawner abundance data. Washington Department of Fish and Wildlife. Protocol and Methods available at https://fortress.wa.gov/dfw/score/score/. Accessed from www.cax.streamnet.org vers May 26 2020 10:00PM by Mari Williams, NOAAF NWFSC/PSMFC.",""
"CRchum2020","Salmon, chum (Columbia River ESU)","Chum salmon","Survey","Gorge","123","Upper Gorge (Columbia) Fall Chum","Up. Gorge Tribs.","3.1.2","Fall","Upper Gorge Tributaries","1965","496","-99","-99","Washington Department of Fish and Wildlife","Mari Williams","Columbia River Chum Natural Origin Spawner Abundance Dataset (1938-2018). Spawner abundance data. Washington Department of Fish and Wildlife. Protocol and Methods available at https://fortress.wa.gov/dfw/score/score/. Accessed from www.cax.streamnet.org vers May 26 2020 10:00PM by Mari Williams, NOAAF NWFSC/PSMFC.",""
"CRchum2020","Salmon, chum (Columbia River ESU)","Chum salmon","Survey","Gorge","123","Upper Gorge (Columbia) Fall Chum","Up. Gorge Tribs.","3.1.2","Fall","Upper Gorge Tributaries","1966","872","-99","-99","Washington Department of Fish and Wildlife","Mari Williams","Columbia River Chum Natural Origin Spawner Abundance Dataset (1938-2018). Spawner abundance data. Washington Department of Fish and Wildlife. Protocol and Methods available at https://fortress.wa.gov/dfw/score/score/. Accessed from www.cax.streamnet.org vers May 26 2020 10:00PM by Mari Williams, NOAAF NWFSC/PSMFC.",""
"CRchum2020","Salmon, chum (Columbia River ESU)","Chum salmon","Survey","Gorge","123","Upper Gorge (Columbia) Fall Chum","Up. Gorge Tribs.","3.1.2","Fall","Upper Gorge Tributaries","1967","352","-99","-99","Washington Department of Fish and Wildlife","Mari Williams","Columbia River Chum Natural Origin Spawner Abundance Dataset (1938-2018). Spawner abundance data. Washington Department of Fish and Wildlife. Protocol and Methods available at https://fortress.wa.gov/dfw/score/score/. Accessed from www.cax.streamnet.org vers May 26 2020 10:00PM by Mari Williams, NOAAF NWFSC/PSMFC.",""
"CRchum2020","Salmon, chum (Columbia River ESU)","Chum salmon","Survey","Gorge","123","Upper Gorge (Columbia) Fall Chum","Up. Gorge Tribs.","3.1.2","Fall","Upper Gorge Tributaries","1968","79","-99","-99","Washington Department of Fish and Wildlife","Mari Williams","Columbia River Chum Natural Origin Spawner Abundance Dataset (1938-2018). Spawner abundance data. Washington Department of Fish and Wildlife. Protocol and Methods available at https://fortress.wa.gov/dfw/score/score/. Accessed from www.cax.streamnet.org vers May 26 2020 10:00PM by Mari Williams, NOAAF NWFSC/PSMFC.",""
"CRchum2020","Salmon, chum (Columbia River ESU)","Chum salmon","Survey","Gorge","123","Upper Gorge (Columbia) Fall Chum","Up. Gorge Tribs.","3.1.2","Fall","Upper Gorge Tributaries","1969","143","-99","-99","Washington Department of Fish and Wildlife","Mari Williams","Columbia River Chum Natural Origin Spawner Abundance Dataset (1938-2018). Spawner abundance data. Washington Department of Fish and Wildlife. Protocol and Methods available at https://fortress.wa.gov/dfw/score/score/. Accessed from www.cax.streamnet.org vers May 26 2020 10:00PM by Mari Williams, NOAAF NWFSC/PSMFC.",""
"CRchum2020","Salmon, chum (Columbia River ESU)","Chum salmon","Survey","Gorge","123","Upper Gorge (Columbia) Fall Chum","Up. Gorge Tribs.","3.1.2","Fall","Upper Gorge Tributaries","1970","209","-99","-99","Washington Department of Fish and Wildlife","Mari Williams","Columbia River Chum Natural Origin Spawner Abundance Dataset (1938-2018). Spawner abundance data. Washington Department of Fish and Wildlife. Protocol and Methods available at https://fortress.wa.gov/dfw/score/score/. Accessed from www.cax.streamnet.org vers May 26 2020 10:00PM by Mari Williams, NOAAF NWFSC/PSMFC.",""
"CRchum2020","Salmon, chum (Columbia River ESU)","Chum salmon","Survey","Gorge","123","Upper Gorge (Columbia) Fall Chum","Up. Gorge Tribs.","3.1.2","Fall","Upper Gorge Tributaries","1971","29","-99","-99","Washington Department of Fish and Wildlife","Mari Williams","Columbia River Chum Natural Origin Spawner Abundance Dataset (1938-2018). Spawner abundance data. Washington Department of Fish and Wildlife. Protocol and Methods available at https://fortress.wa.gov/dfw/score/score/. Accessed from www.cax.streamnet.org vers May 26 2020 10:00PM by Mari Williams, NOAAF NWFSC/PSMFC.",""
"CRchum2020","Salmon, chum (Columbia River ESU)","Chum salmon","Survey","Gorge","123","Upper Gorge (Columbia) Fall Chum","Up. Gorge Tribs.","3.1.2","Fall","Upper Gorge Tributaries","1972","1","-99","-99","Washington Department of Fish and Wildlife","Mari Williams","Columbia River Chum Natural Origin Spawner Abundance Dataset (1938-2018). Spawner abundance data. Washington Department of Fish and Wildlife. Protocol and Methods available at https://fortress.wa.gov/dfw/score/score/. Accessed from www.cax.streamnet.org vers May 26 2020 10:00PM by Mari Williams, NOAAF NWFSC/PSMFC.",""
"CRchum2020","Salmon, chum (Columbia River ESU)","Chum salmon","Survey","Gorge","123","Upper Gorge (Columbia) Fall Chum","Up. Gorge Tribs.","3.1.2","Fall","Upper Gorge Tributaries","1973","43","-99","-99","Washington Department of Fish and Wildlife","Mari Williams","Columbia River Chum Natural Origin Spawner Abundance Dataset (1938-2018). Spawner abundance data. Washington Department of Fish and Wildlife. Protocol and Methods available at https://fortress.wa.gov/dfw/score/score/. Accessed from www.cax.streamnet.org vers May 26 2020 10:00PM by Mari Williams, NOAAF NWFSC/PSMFC.",""
"CRchum2020","Salmon, chum (Columbia River ESU)","Chum salmon","Survey","Gorge","123","Upper Gorge (Columbia) Fall Chum","Up. Gorge Tribs.","3.1.2","Fall","Upper Gorge Tributaries","1974","23","-99","-99","Washington Department of Fish and Wildlife","Mari Williams","Columbia River Chum Natural Origin Spawner Abundance Dataset (1938-2018). Spawner abundance data. Washington Department of Fish and Wildlife. Protocol and Methods available at https://fortress.wa.gov/dfw/score/score/. Accessed from www.cax.streamnet.org vers May 26 2020 10:00PM by Mari Williams, NOAAF NWFSC/PSMFC.",""
"CRchum2020","Salmon, chum (Columbia River ESU)","Chum salmon","Survey","Gorge","123","Upper Gorge (Columbia) Fall Chum","Up. Gorge Tribs.","3.1.2","Fall","Upper Gorge Tributaries","1975","11","-99","-99","Washington Department of Fish and Wildlife","Mari Williams","Columbia River Chum Natural Origin Spawner Abundance Dataset (1938-2018). Spawner abundance data. Washington Department of Fish and Wildlife. Protocol and Methods available at https://fortress.wa.gov/dfw/score/score/. Accessed from www.cax.streamnet.org vers May 26 2020 10:00PM by Mari Williams, NOAAF NWFSC/PSMFC.",""
"CRchum2020","Salmon, chum (Columbia River ESU)","Chum salmon","Survey","Gorge","123","Upper Gorge (Columbia) Fall Chum","Up. Gorge Tribs.","3.1.2","Fall","Upper Gorge Tributaries","1976","11","-99","-99","Washington Department of Fish and Wildlife","Mari Williams","Columbia River Chum Natural Origin Spawner Abundance Dataset (1938-2018). Spawner abundance data. Washington Department of Fish and Wildlife. Protocol and Methods available at https://fortress.wa.gov/dfw/score/score/. Accessed from www.cax.streamnet.org vers May 26 2020 10:00PM by Mari Williams, NOAAF NWFSC/PSMFC.",""
"CRchum2020","Salmon, chum (Columbia River ESU)","Chum salmon","Survey","Gorge","123","Upper Gorge (Columbia) Fall Chum","Up. Gorge Tribs.","3.1.2","Fall","Upper Gorge Tributaries","1977","17","-99","-99","Washington Department of Fish and Wildlife","Mari Williams","Columbia River Chum Natural Origin Spawner Abundance Dataset (1938-2018). Spawner abundance data. Washington Department of Fish and Wildlife. Protocol and Methods available at https://fortress.wa.gov/dfw/score/score/. Accessed from www.cax.streamnet.org vers May 26 2020 10:00PM by Mari Williams, NOAAF NWFSC/PSMFC.",""
"CRchum2020","Salmon, chum (Columbia River ESU)","Chum salmon","Survey","Gorge","123","Upper Gorge (Columbia) Fall Chum","Up. Gorge Tribs.","3.1.2","Fall","Upper Gorge Tributaries","1978","28","-99","-99","Washington Department of Fish and Wildlife","Mari Williams","Columbia River Chum Natural Origin Spawner Abundance Dataset (1938-2018). Spawner abundance data. Washington Department of Fish and Wildlife. Protocol and Methods available at https://fortress.wa.gov/dfw/score/score/. Accessed from www.cax.streamnet.org vers May 26 2020 10:00PM by Mari Williams, NOAAF NWFSC/PSMFC.",""
"CRchum2020","Salmon, chum (Columbia River ESU)","Chum salmon","Survey","Gorge","123","Upper Gorge (Columbia) Fall Chum","Up. Gorge Tribs.","3.1.2","Fall","Upper Gorge Tributaries","1979","1","-99","-99","Washington Department of Fish and Wildlife","Mari Williams","Columbia River Chum Natural Origin Spawner Abundance Dataset (1938-2018). Spawner abundance data. Washington Department of Fish and Wildlife. Protocol and Methods available at https://fortress.wa.gov/dfw/score/score/. Accessed from www.cax.streamnet.org vers May 26 2020 10:00PM by Mari Williams, NOAAF NWFSC/PSMFC.",""
"CRchum2020","Salmon, chum (Columbia River ESU)","Chum salmon","Survey","Gorge","123","Upper Gorge (Columbia) Fall Chum","Up. Gorge Tribs.","3.1.2","Fall","Upper Gorge Tributaries","1980","0","-99","-99","Washington Department of Fish and Wildlife","Mari Williams","Columbia River Chum Natural Origin Spawner Abundance Dataset (1938-2018). Spawner abundance data. Washington Department of Fish and Wildlife. Protocol and Methods available at https://fortress.wa.gov/dfw/score/score/. Accessed from www.cax.streamnet.org vers May 26 2020 10:00PM by Mari Williams, NOAAF NWFSC/PSMFC.",""
"CRchum2020","Salmon, chum (Columbia River ESU)","Chum salmon","Survey","Gorge","123","Upper Gorge (Columbia) Fall Chum","Up. Gorge Tribs.","3.1.2","Fall","Upper Gorge Tributaries","1981","0","-99","-99","Washington Department of Fish and Wildlife","Mari Williams","Columbia River Chum Natural Origin Spawner Abundance Dataset (1938-2018). Spawner abundance data. Washington Department of Fish and Wildlife. Protocol and Methods available at https://fortress.wa.gov/dfw/score/score/. Accessed from www.cax.streamnet.org vers May 26 2020 10:00PM by Mari Williams, NOAAF NWFSC/PSMFC.",""
"CRchum2020","Salmon, chum (Columbia River ESU)","Chum salmon","Survey","Gorge","123","Upper Gorge (Columbia) Fall Chum","Up. Gorge Tribs.","3.1.2","Fall","Upper Gorge Tributaries","1982","0","-99","-99","Washington Department of Fish and Wildlife","Mari Williams","Columbia River Chum Natural Origin Spawner Abundance Dataset (1938-2018). Spawner abundance data. Washington Department of Fish and Wildlife. Protocol and Methods available at https://fortress.wa.gov/dfw/score/score/. Accessed from www.cax.streamnet.org vers May 26 2020 10:00PM by Mari Williams, NOAAF NWFSC/PSMFC.",""
"CRchum2020","Salmon, chum (Columbia River ESU)","Chum salmon","Survey","Gorge","123","Upper Gorge (Columbia) Fall Chum","Up. Gorge Tribs.","3.1.2","Fall","Upper Gorge Tributaries","1983","0","-99","-99","Washington Department of Fish and Wildlife","Mari Williams","Columbia River Chum Natural Origin Spawner Abundance Dataset (1938-2018). Spawner abundance data. Washington Department of Fish and Wildlife. Protocol and Methods available at https://fortress.wa.gov/dfw/score/score/. Accessed from www.cax.streamnet.org vers May 26 2020 10:00PM by Mari Williams, NOAAF NWFSC/PSMFC.",""
"CRchum2020","Salmon, chum (Columbia River ESU)","Chum salmon","Survey","Gorge","123","Upper Gorge (Columbia) Fall Chum","Up. Gorge Tribs.","3.1.2","Fall","Upper Gorge Tributaries","1984","0","-99","-99","Washington Department of Fish and Wildlife","Mari Williams","Columbia River Chum Natural Origin Spawner Abundance Dataset (1938-2018). Spawner abundance data. Washington Department of Fish and Wildlife. Protocol and Methods available at https://fortress.wa.gov/dfw/score/score/. Accessed from www.cax.streamnet.org vers May 26 2020 10:00PM by Mari Williams, NOAAF NWFSC/PSMFC.",""
"CRchum2020","Salmon, chum (Columbia River ESU)","Chum salmon","Survey","Gorge","123","Upper Gorge (Columbia) Fall Chum","Up. Gorge Tribs.","3.1.2","Fall","Upper Gorge Tributaries","1985","0","-99","-99","Washington Department of Fish and Wildlife","Mari Williams","Columbia River Chum Natural Origin Spawner Abundance Dataset (1938-2018). Spawner abundance data. Washington Department of Fish and Wildlife. Protocol and Methods available at https://fortress.wa.gov/dfw/score/score/. Accessed from www.cax.streamnet.org vers May 26 2020 10:00PM by Mari Williams, NOAAF NWFSC/PSMFC.",""
"CRchum2020","Salmon, chum (Columbia River ESU)","Chum salmon","Survey","Gorge","123","Upper Gorge (Columbia) Fall Chum","Up. Gorge Tribs.","3.1.2","Fall","Upper Gorge Tributaries","1986","0","-99","-99","Washington Department of Fish and Wildlife","Mari Williams","Columbia River Chum Natural Origin Spawner Abundance Dataset (1938-2018). Spawner abundance data. Washington Department of Fish and Wildlife. Protocol and Methods available at https://fortress.wa.gov/dfw/score/score/. Accessed from www.cax.streamnet.org vers May 26 2020 10:00PM by Mari Williams, NOAAF NWFSC/PSMFC.",""
"CRchum2020","Salmon, chum (Columbia River ESU)","Chum salmon","Survey","Gorge","123","Upper Gorge (Columbia) Fall Chum","Up. Gorge Tribs.","3.1.2","Fall","Upper Gorge Tributaries","1987","0","-99","-99","Washington Department of Fish and Wildlife","Mari Williams","Columbia River Chum Natural Origin Spawner Abundance Dataset (1938-2018). Spawner abundance data. Washington Department of Fish and Wildlife. Protocol and Methods available at https://fortress.wa.gov/dfw/score/score/. Accessed from www.cax.streamnet.org vers May 26 2020 10:00PM by Mari Williams, NOAAF NWFSC/PSMFC.",""
"CRchum2020","Salmon, chum (Columbia River ESU)","Chum salmon","Survey","Gorge","123","Upper Gorge (Columbia) Fall Chum","Up. Gorge Tribs.","3.1.2","Fall","Upper Gorge Tributaries","1988","0","-99","-99","Washington Department of Fish and Wildlife","Mari Williams","Columbia River Chum Natural Origin Spawner Abundance Dataset (1938-2018). Spawner abundance data. Washington Department of Fish and Wildlife. Protocol and Methods available at https://fortress.wa.gov/dfw/score/score/. Accessed from www.cax.streamnet.org vers May 26 2020 10:00PM by Mari Williams, NOAAF NWFSC/PSMFC.",""
"CRchum2020","Salmon, chum (Columbia River ESU)","Chum salmon","Survey","Gorge","123","Upper Gorge (Columbia) Fall Chum","Up. Gorge Tribs.","3.1.2","Fall","Upper Gorge Tributaries","1989","16","-99","-99","Washington Department of Fish and Wildlife","Mari Williams","Columbia River Chum Natural Origin Spawner Abundance Dataset (1938-2018). Spawner abundance data. Washington Department of Fish and Wildlife. Protocol and Methods available at https://fortress.wa.gov/dfw/score/score/. Accessed from www.cax.streamnet.org vers May 26 2020 10:00PM by Mari Williams, NOAAF NWFSC/PSMFC.",""
"CRchum2020","Salmon, chum (Columbia River ESU)","Chum salmon","Survey","Gorge","123","Upper Gorge (Columbia) Fall Chum","Up. Gorge Tribs.","3.1.2","Fall","Upper Gorge Tributaries","1990","25","-99","-99","Washington Department of Fish and Wildlife","Mari Williams","Columbia River Chum Natural Origin Spawner Abundance Dataset (1938-2018). Spawner abundance data. Washington Department of Fish and Wildlife. Protocol and Methods available at https://fortress.wa.gov/dfw/score/score/. Accessed from www.cax.streamnet.org vers May 26 2020 10:00PM by Mari Williams, NOAAF NWFSC/PSMFC.",""
"CRchum2020","Salmon, chum (Columbia River ESU)","Chum salmon","Survey","Gorge","123","Upper Gorge (Columbia) Fall Chum","Up. Gorge Tribs.","3.1.2","Fall","Upper Gorge Tributaries","1991","5","-99","-99","Washington Department of Fish and Wildlife","Mari Williams","Columbia River Chum Natural Origin Spawner Abundance Dataset (1938-2018). Spawner abundance data. Washington Department of Fish and Wildlife. Protocol and Methods available at https://fortress.wa.gov/dfw/score/score/. Accessed from www.cax.streamnet.org vers May 26 2020 10:00PM by Mari Williams, NOAAF NWFSC/PSMFC.",""
"CRchum2020","Salmon, chum (Columbia River ESU)","Chum salmon","Survey","Gorge","123","Upper Gorge (Columbia) Fall Chum","Up. Gorge Tribs.","3.1.2","Fall","Upper Gorge Tributaries","1992","39","-99","-99","Washington Department of Fish and Wildlife","Mari Williams","Columbia River Chum Natural Origin Spawner Abundance Dataset (1938-2018). Spawner abundance data. Washington Department of Fish and Wildlife. Protocol and Methods available at https://fortress.wa.gov/dfw/score/score/. Accessed from www.cax.streamnet.org vers May 26 2020 10:00PM by Mari Williams, NOAAF NWFSC/PSMFC.",""
"CRchum2020","Salmon, chum (Columbia River ESU)","Chum salmon","Survey","Gorge","123","Upper Gorge (Columbia) Fall Chum","Up. Gorge Tribs.","3.1.2","Fall","Upper Gorge Tributaries","1993","17","-99","-99","Washington Department of Fish and Wildlife","Mari Williams","Columbia River Chum Natural Origin Spawner Abundance Dataset (1938-2018). Spawner abundance data. Washington Department of Fish and Wildlife. Protocol and Methods available at https://fortress.wa.gov/dfw/score/score/. Accessed from www.cax.streamnet.org vers May 26 2020 10:00PM by Mari Williams, NOAAF NWFSC/PSMFC.",""
"CRchum2020","Salmon, chum (Columbia River ESU)","Chum salmon","Survey","Gorge","123","Upper Gorge (Columbia) Fall Chum","Up. Gorge Tribs.","3.1.2","Fall","Upper Gorge Tributaries","1994","26","-99","-99","Washington Department of Fish and Wildlife","Mari Williams","Columbia River Chum Natural Origin Spawner Abundance Dataset (1938-2018). Spawner abundance data. Washington Department of Fish and Wildlife. Protocol and Methods available at https://fortress.wa.gov/dfw/score/score/. Accessed from www.cax.streamnet.org vers May 26 2020 10:00PM by Mari Williams, NOAAF NWFSC/PSMFC.",""
"CRchum2020","Salmon, chum (Columbia River ESU)","Chum salmon","Survey","Gorge","123","Upper Gorge (Columbia) Fall Chum","Up. Gorge Tribs.","3.1.2","Fall","Upper Gorge Tributaries","1995","30","-99","-99","Washington Department of Fish and Wildlife","Mari Williams","Columbia River Chum Natural Origin Spawner Abundance Dataset (1938-2018). Spawner abundance data. Washington Department of Fish and Wildlife. Protocol and Methods available at https://fortress.wa.gov/dfw/score/score/. Accessed from www.cax.streamnet.org vers May 26 2020 10:00PM by Mari Williams, NOAAF NWFSC/PSMFC.",""
"CRchum2020","Salmon, chum (Columbia River ESU)","Chum salmon","Survey","Gorge","123","Upper Gorge (Columbia) Fall Chum","Up. Gorge Tribs.","3.1.2","Fall","Upper Gorge Tributaries","1996","21","-99","-99","Washington Department of Fish and Wildlife","Mari Williams","Columbia River Chum Natural Origin Spawner Abundance Dataset (1938-2018). Spawner abundance data. Washington Department of Fish and Wildlife. Protocol and Methods available at https://fortress.wa.gov/dfw/score/score/. Accessed from www.cax.streamnet.org vers May 26 2020 10:00PM by Mari Williams, NOAAF NWFSC/PSMFC.",""
"CRchum2020","Salmon, chum (Columbia River ESU)","Chum salmon","Survey","Gorge","123","Upper Gorge (Columbia) Fall Chum","Up. Gorge Tribs.","3.1.2","Fall","Upper Gorge Tributaries","1997","46","-99","-99","Washington Department of Fish and Wildlife","Mari Williams","Columbia River Chum Natural Origin Spawner Abundance Dataset (1938-2018). Spawner abundance data. Washington Department of Fish and Wildlife. Protocol and Methods available at https://fortress.wa.gov/dfw/score/score/. Accessed from www.cax.streamnet.org vers May 26 2020 10:00PM by Mari Williams, NOAAF NWFSC/PSMFC.",""
"CRchum2020","Salmon, chum (Columbia River ESU)","Chum salmon","Survey","Gorge","123","Upper Gorge (Columbia) Fall Chum","Up. Gorge Tribs.","3.1.2","Fall","Upper Gorge Tributaries","1998","118","-99","-99","Washington Department of Fish and Wildlife","Mari Williams","Columbia River Chum Natural Origin Spawner Abundance Dataset (1938-2018). Spawner abundance data. Washington Department of Fish and Wildlife. Protocol and Methods available at https://fortress.wa.gov/dfw/score/score/. Accessed from www.cax.streamnet.org vers May 26 2020 10:00PM by Mari Williams, NOAAF NWFSC/PSMFC.",""
"CRchum2020","Salmon, chum (Columbia River ESU)","Chum salmon","Survey","Gorge","123","Upper Gorge (Columbia) Fall Chum","Up. Gorge Tribs.","3.1.2","Fall","Upper Gorge Tributaries","1999","43","-99","-99","Washington Department of Fish and Wildlife","Mari Williams","Columbia River Chum Natural Origin Spawner Abundance Dataset (1938-2018). Spawner abundance data. Washington Department of Fish and Wildlife. Protocol and Methods available at https://fortress.wa.gov/dfw/score/score/. Accessed from www.cax.streamnet.org vers May 26 2020 10:00PM by Mari Williams, NOAAF NWFSC/PSMFC.",""
"CRchum2020","Salmon, chum (Columbia River ESU)","Chum salmon","Survey","Gorge","123","Upper Gorge (Columbia) Fall Chum","Up. Gorge Tribs.","3.1.2","Fall","Upper Gorge Tributaries","2000","17","-99","-99","Washington Department of Fish and Wildlife","Mari Williams","Columbia River Chum Natural Origin Spawner Abundance Dataset (1938-2018). Spawner abundance data. Washington Department of Fish and Wildlife. Protocol and Methods available at https://fortress.wa.gov/dfw/score/score/. Accessed from www.cax.streamnet.org vers May 26 2020 10:00PM by Mari Williams, NOAAF NWFSC/PSMFC.",""
"CRchum2020","Salmon, chum (Columbia River ESU)","Chum salmon","Survey","Gorge","123","Upper Gorge (Columbia) Fall Chum","Up. Gorge Tribs.","3.1.2","Fall","Upper Gorge Tributaries","2001","29","-99","-99","Washington Department of Fish and Wildlife","Mari Williams","Columbia River Chum Natural Origin Spawner Abundance Dataset (1938-2018). Spawner abundance data. Washington Department of Fish and Wildlife. Protocol and Methods available at https://fortress.wa.gov/dfw/score/score/. Accessed from www.cax.streamnet.org vers May 26 2020 10:00PM by Mari Williams, NOAAF NWFSC/PSMFC.",""
"CRchum2020","Salmon, chum (Columbia River ESU)","Chum salmon","Survey","Gorge","123","Upper Gorge (Columbia) Fall Chum","Up. Gorge Tribs.","3.1.2","Fall","Upper Gorge Tributaries","2002","98","-99","-99","Washington Department of Fish and Wildlife","Mari Williams","Columbia River Chum Natural Origin Spawner Abundance Dataset (1938-2018). Spawner abundance data. Washington Department of Fish and Wildlife. Protocol and Methods available at https://fortress.wa.gov/dfw/score/score/. Accessed from www.cax.streamnet.org vers May 26 2020 10:00PM by Mari Williams, NOAAF NWFSC/PSMFC.",""
"CRchum2020","Salmon, chum (Columbia River ESU)","Chum salmon","Survey","Gorge","123","Upper Gorge (Columbia) Fall Chum","Up. Gorge Tribs.","3.1.2","Fall","Upper Gorge Tributaries","2003","411","-99","-99","Washington Department of Fish and Wildlife","Mari Williams","Columbia River Chum Natural Origin Spawner Abundance Dataset (1938-2018). Spawner abundance data. Washington Department of Fish and Wildlife. Protocol and Methods available at https://fortress.wa.gov/dfw/score/score/. Accessed from www.cax.streamnet.org vers May 26 2020 10:00PM by Mari Williams, NOAAF NWFSC/PSMFC.",""
"CRchum2020","Salmon, chum (Columbia River ESU)","Chum salmon","Survey","Gorge","123","Upper Gorge (Columbia) Fall Chum","Up. Gorge Tribs.","3.1.2","Fall","Upper Gorge Tributaries","2004","42","-99","-99","Washington Department of Fish and Wildlife","Mari Williams","Columbia River Chum Natural Origin Spawner Abundance Dataset (1938-2018). Spawner abundance data. Washington Department of Fish and Wildlife. Protocol and Methods available at https://fortress.wa.gov/dfw/score/score/. Accessed from www.cax.streamnet.org vers May 26 2020 10:00PM by Mari Williams, NOAAF NWFSC/PSMFC.",""
"CRchum2020","Salmon, chum (Columbia River ESU)","Chum salmon","Survey","Gorge","123","Upper Gorge (Columbia) Fall Chum","Up. Gorge Tribs.","3.1.2","Fall","Upper Gorge Tributaries","2005","139","-99","-99","Washington Department of Fish and Wildlife","Mari Williams","Columbia River Chum Natural Origin Spawner Abundance Dataset (1938-2018). Spawner abundance data. Washington Department of Fish and Wildlife. Protocol and Methods available at https://fortress.wa.gov/dfw/score/score/. Accessed from www.cax.streamnet.org vers May 26 2020 10:00PM by Mari Williams, NOAAF NWFSC/PSMFC.",""
"CRchum2020","Salmon, chum (Columbia River ESU)","Chum salmon","Survey","Gorge","123","Upper Gorge (Columbia) Fall Chum","Up. Gorge Tribs.","3.1.2","Fall","Upper Gorge Tributaries","2006","165","-99","-99","Washington Department of Fish and Wildlife","Mari Williams","Columbia River Chum Natural Origin Spawner Abundance Dataset (1938-2018). Spawner abundance data. Washington Department of Fish and Wildlife. Protocol and Methods available at https://fortress.wa.gov/dfw/score/score/. Accessed from www.cax.streamnet.org vers May 26 2020 10:00PM by Mari Williams, NOAAF NWFSC/PSMFC.",""
"CRchum2020","Salmon, chum (Columbia River ESU)","Chum salmon","Survey","Gorge","123","Upper Gorge (Columbia) Fall Chum","Up. Gorge Tribs.","3.1.2","Fall","Upper Gorge Tributaries","2007","142","-99","-99","Washington Department of Fish and Wildlife","Mari Williams","Columbia River Chum Natural Origin Spawner Abundance Dataset (1938-2018). Spawner abundance data. Washington Department of Fish and Wildlife. Protocol and Methods available at https://fortress.wa.gov/dfw/score/score/. Accessed from www.cax.streamnet.org vers May 26 2020 10:00PM by Mari Williams, NOAAF NWFSC/PSMFC.",""
"CRchum2020","Salmon, chum (Columbia River ESU)","Chum salmon","Survey","Gorge","123","Upper Gorge (Columbia) Fall Chum","Up. Gorge Tribs.","3.1.2","Fall","Upper Gorge Tributaries","2008","75","-99","-99","Washington Department of Fish and Wildlife","Mari Williams","Columbia River Chum Natural Origin Spawner Abundance Dataset (1938-2018). Spawner abundance data. Washington Department of Fish and Wildlife. Protocol and Methods available at https://fortress.wa.gov/dfw/score/score/. Accessed from www.cax.streamnet.org vers May 26 2020 10:00PM by Mari Williams, NOAAF NWFSC/PSMFC.",""
"CRchum2020","Salmon, chum (Columbia River ESU)","Chum salmon","Survey","Gorge","123","Upper Gorge (Columbia) Fall Chum","Up. Gorge Tribs.","3.1.2","Fall","Upper Gorge Tributaries","2009","109","-99","-99","Washington Department of Fish and Wildlife","Mari Williams","Columbia River Chum Natural Origin Spawner Abundance Dataset (1938-2018). Spawner abundance data. Washington Department of Fish and Wildlife. Protocol and Methods available at https://fortress.wa.gov/dfw/score/score/. Accessed from www.cax.streamnet.org vers May 26 2020 10:00PM by Mari Williams, NOAAF NWFSC/PSMFC.",""
"CRchum2020","Salmon, chum (Columbia River ESU)","Chum salmon","Survey","Gorge","123","Upper Gorge (Columbia) Fall Chum","Up. Gorge Tribs.","3.1.2","Fall","Upper Gorge Tributaries","2010","124","-99","-99","Washington Department of Fish and Wildlife","Mari Williams","Columbia River Chum Natural Origin Spawner Abundance Dataset (1938-2018). Spawner abundance data. Washington Department of Fish and Wildlife. Protocol and Methods available at https://fortress.wa.gov/dfw/score/score/. Accessed from www.cax.streamnet.org vers May 26 2020 10:00PM by Mari Williams, NOAAF NWFSC/PSMFC.",""
"CRchum2020","Salmon, chum (Columbia River ESU)","Chum salmon","Survey","Gorge","123","Upper Gorge (Columbia) Fall Chum","Up. Gorge Tribs.","3.1.2","Fall","Upper Gorge Tributaries","2011","50","-99","-99","Washington Department of Fish and Wildlife","Mari Williams","Columbia River Chum Natural Origin Spawner Abundance Dataset (1938-2018). Spawner abundance data. Washington Department of Fish and Wildlife. Protocol and Methods available at https://fortress.wa.gov/dfw/score/score/. Accessed from www.cax.streamnet.org vers May 26 2020 10:00PM by Mari Williams, NOAAF NWFSC/PSMFC.",""
"CRchum2020","Salmon, chum (Columbia River ESU)","Chum salmon","Survey","Gorge","123","Upper Gorge (Columbia) Fall Chum","Up. Gorge Tribs.","3.1.2","Fall","Upper Gorge Tributaries","2012","65","-99","-99","Washington Department of Fish and Wildlife","Mari Williams","Columbia River Chum Natural Origin Spawner Abundance Dataset (1938-2018). Spawner abundance data. Washington Department of Fish and Wildlife. Protocol and Methods available at https://fortress.wa.gov/dfw/score/score/. Accessed from www.cax.streamnet.org vers May 26 2020 10:00PM by Mari Williams, NOAAF NWFSC/PSMFC.",""
"CRchum2020","Salmon, chum (Columbia River ESU)","Chum salmon","Survey","Gorge","123","Upper Gorge (Columbia) Fall Chum","Up. Gorge Tribs.","3.1.2","Fall","Upper Gorge Tributaries","2013","167","-99","-99","Washington Department of Fish and Wildlife","Mari Williams","Columbia River Chum Natural Origin Spawner Abundance Dataset (1938-2018). Spawner abundance data. Washington Department of Fish and Wildlife. Protocol and Methods available at https://fortress.wa.gov/dfw/score/score/. Accessed from www.cax.streamnet.org vers May 26 2020 10:00PM by Mari Williams, NOAAF NWFSC/PSMFC.",""
"CRchum2020","Salmon, chum (Columbia River ESU)","Chum salmon","Survey","Gorge","123","Upper Gorge (Columbia) Fall Chum","Up. Gorge Tribs.","3.1.2","Fall","Upper Gorge Tributaries","2014","122","-99","-99","Washington Department of Fish and Wildlife","Mari Williams","Columbia River Chum Natural Origin Spawner Abundance Dataset (1938-2018). Spawner abundance data. Washington Department of Fish and Wildlife. Protocol and Methods available at https://fortress.wa.gov/dfw/score/score/. Accessed from www.cax.streamnet.org vers May 26 2020 10:00PM by Mari Williams, NOAAF NWFSC/PSMFC.",""
"CRchum2020","Salmon, chum (Columbia River ESU)","Chum salmon","Survey","Gorge","123","Upper Gorge (Columbia) Fall Chum","Up. Gorge Tribs.","3.1.2","Fall","Upper Gorge Tributaries","2015","176","-99","-99","Washington Department of Fish and Wildlife","Mari Williams","Columbia River Chum Natural Origin Spawner Abundance Dataset (1938-2018). Spawner abundance data. Washington Department of Fish and Wildlife. Protocol and Methods available at https://fortress.wa.gov/dfw/score/score/. Accessed from www.cax.streamnet.org vers May 26 2020 10:00PM by Mari Williams, NOAAF NWFSC/PSMFC.",""
"CRchum2020","Salmon, chum (Columbia River ESU)","Chum salmon","Survey","Gorge","123","Upper Gorge (Columbia) Fall Chum","Up. Gorge Tribs.","3.1.2","Fall","Upper Gorge Tributaries","2016","47","-99","-99","Washington Department of Fish and Wildlife","Mari Williams","Columbia River Chum Natural Origin Spawner Abundance Dataset (1938-2018). Spawner abundance data. Washington Department of Fish and Wildlife. Protocol and Methods available at https://fortress.wa.gov/dfw/score/score/. Accessed from www.cax.streamnet.org vers May 26 2020 10:00PM by Mari Williams, NOAAF NWFSC/PSMFC.",""
"CRchum2020","Salmon, chum (Columbia River ESU)","Chum salmon","Survey","Gorge","123","Upper Gorge (Columbia) Fall Chum","Up. Gorge Tribs.","3.1.2","Fall","Upper Gorge Tributaries","2017","21","-99","-99","Washington Department of Fish and Wildlife","Mari Williams","Columbia River Chum Natural Origin Spawner Abundance Dataset (1938-2018). Spawner abundance data. Washington Department of Fish and Wildlife. Protocol and Methods available at https://fortress.wa.gov/dfw/score/score/. Accessed from www.cax.streamnet.org vers May 26 2020 10:00PM by Mari Williams, NOAAF NWFSC/PSMFC.",""
"CRchum2020","Salmon, chum (Columbia River ESU)","Chum salmon","Survey","Gorge","123","Upper Gorge (Columbia) Fall Chum","Up. Gorge Tribs.","3.1.2","Fall","Upper Gorge Tributaries","2018","180","-99","-99","Washington Department of Fish and Wildlife","Mari Williams","Columbia River Chum Natural Origin Spawner Abundance Dataset (1938-2018). Spawner abundance data. Washington Department of Fish and Wildlife. Protocol and Methods available at https://fortress.wa.gov/dfw/score/score/. Accessed from www.cax.streamnet.org vers May 26 2020 10:00PM by Mari Williams, NOAAF NWFSC/PSMFC.",""
